Titulo,Codigo_Icev,Autor,Gênero,ISBN,AnodePublicação
Engenharia de Software,123123,Pressman,Tecnologia,978-85-123-4353-1,2004
Introducao ao Machine Learning,1231233,Pedro Silva,Tecnologia,978-85-123-4567-8,1978
Direito Constitucional,5675675,Maria Oliveira,Direito,978-85-987-6543-2,1998
Fundamentos de Administracao,5675672,José Santos,Administracao,978-85-456-7890-1,1994
Redes Neurais para Iniciantes,1230065,Ana Costa,Tecnologia,978-85-321-4567-8,2006
Teoria Geral do Processo,4567268,Carlos Lima,Direito,978-85-654-3210-9,2010
Gestao Estrategica,0912390,Fernanda Pereira,Administracao,978-85-789-0123-4,2018
Introducao a Python,4734645,Gustavo do Vale,Tecnologia,956-45-232-1212-5,1993
Introducao a Java,6756759,Glaucio Sousa,Tecnologia,234-67-567-1234-6,2017
Gestao de Pessoas,6794287,Beatriz Barreto,Administracao,456-45-567-1345-5,2011
Sistemas Operacionais,3458769,Andrew Tanenbaum,Tecnologia,978-85-123-9876-5,1994
Direito Civil,4568765,Joao Pereira,Direito,978-85-987-1234-5,1999
Administracao Financeira,7895432,Claudio Costa,Administracao,978-85-345-6789-0,2010
Inteligencia Artificial,2345678,Stuart Russell,Tecnologia,978-85-654-3212-8,2009
Teoria dos Jogos,5432109,John Nash,Administracao,978-85-789-4567-3,2007
Direito Penal,3210987,Alice Martins,Direito,978-85-654-8765-4,2011
Desenvolvimento de Software,2312312,Alan Turing,Tecnologia,978-85-123-4321-9,2018
Comportamento Organizacional,8765432,Stephen Robbins,Administracao,978-85-789-9876-1,2010
,,,,,