Disciplina_Id,Nome_Disciplina,Id_Cursos
3000,Arquitetura e Design,100
3205,Ingles IV,100
3206,Sistema Operacional,100
3210,Física Aplicada,100
3213,Redes de Computadores,100
3214,Direito Constitucional,102
3768,Direito Penal II,102
5249,Direito Civil III (Obrigações),102
9853,"Direito Administrativo II ",102
1890,Filosofia do Direito,102
3215,Direito Civil,103
5648,Direito Penal IV,103
7930,Direito Processual Civil III,103
3900,Direito do Trabalho I,103
3999,Direito Internacional Público,103
3218,Segurança da Informação,104
9889,Engenharia de Requisitos,104
7777,Banco de Dados II,104
6666,Gerência de Projetos de Software,104
6676,"Qualidade de Software ",104
3204,Empreendedorismo,105
3207,POO,105
3211,Ética Profissional,105
3217,Programação Web,105
4444,Estruturas de Dados,105
1234,Cálculo II,105
4321,Álgebra Linear,105
1111,"Lógica Computacional ",105
1010,"Fundamentos de Engenharia de Software ",105
3500,Gestão de Pessoas,106
3212,Psicologia Organizacional,106
5252,"Teoria da Administração ",106
2322,Comportamento Organizacional,106
5205,Estatística Aplicada,106
0876,Marketing,106
6207,Finanças I,106
3216,Análise de Investimentos,107
9527,Gestão Estratégica,107
5712,Gestão da Qualidade,107
3200,"Direito Empresarial ",107
4222,Logística e Cadeia de Suprimentos,107
1818,Gestão de Pessoas,107