Nome,Report,RA_Usuarios,Id_Cursos,Tipo_problema,Data
Beatriz Barreto Marreiros Barbosa,Bom dms rpz,5555555,105,ChatBot,
Anderson Araujo do Vale,O professor foi demitido,7777777,100,Faculdade,
,Ahebbsnwbs,,,Faculdade,
,Esta atrasada,,,Faculdade,
Anderson Araujo do Vale,Há alguns bugs no sistema,7777777,,ChatBot,
Francisco Luciani,Deu ruim,7777777,,ChatBot,
,o banheiro esta fedendo,,,Faculdade,
,Nao consigo acessar minhas notas,,,ChatBot,
Francisco Luciani,Falta disciplinas,7777777,,Curso,
,Não consigo acessar o totvs,,,Faculdade,